{
  "type": "affine",
  "A": [
    [
      7.983059597905175e-05,
      -0.004482750181512729,
      419.89303341114436
    ],
    [
      -0.00197070858103094,
      -0.00612656121258514,
      150.93986133949875
    ]
  ],
  "img_w": 515,
  "img_h": 553,
  "anchors": [
    {
      "world": [
        1724,
        3353
      ],
      "pixel": [
        405,
        127
      ]
    },
    {
      "world": [
        1115,
        2896
      ],
      "pixel": [
        407,
        131
      ]
    },
    {
      "world": [
        3439,
        1822
      ],
      "pixel": [
        412,
        133
      ]
    }
  ]
}